date,year,month,day,week,year_week
2020-01-01,2020,1,1,1,202001
2020-01-02,2020,1,2,1,202001
2020-01-03,2020,1,3,1,202001
2020-01-04,2020,1,4,1,202001
2020-01-05,2020,1,5,1,202001
2020-01-06,2020,1,6,2,202002
2020-01-07,2020,1,7,2,202002
2020-01-08,2020,1,8,2,202002
2020-01-09,2020,1,9,2,202002
2020-01-10,2020,1,10,2,202002
2020-01-11,2020,1,11,2,202002
2020-01-12,2020,1,12,2,202002
2020-01-13,2020,1,13,3,202003
2020-01-14,2020,1,14,3,202003
2020-01-15,2020,1,15,3,202003
2020-01-16,2020,1,16,3,202003
2020-01-17,2020,1,17,3,202003
2020-01-18,2020,1,18,3,202003
2020-01-19,2020,1,19,3,202003
2020-01-20,2020,1,20,4,202004
2020-01-21,2020,1,21,4,202004
2020-01-22,2020,1,22,4,202004
2020-01-23,2020,1,23,4,202004
2020-01-24,2020,1,24,4,202004
2020-01-25,2020,1,25,4,202004
2020-01-26,2020,1,26,4,202004
2020-01-27,2020,1,27,5,202005
2020-01-28,2020,1,28,5,202005
2020-01-29,2020,1,29,5,202005
2020-01-30,2020,1,30,5,202005
2020-01-31,2020,1,31,5,202005
2020-02-01,2020,2,1,5,202005
2020-02-02,2020,2,2,5,202005
2020-02-03,2020,2,3,6,202006
2020-02-04,2020,2,4,6,202006
2020-02-05,2020,2,5,6,202006
2020-02-06,2020,2,6,6,202006
2020-02-07,2020,2,7,6,202006
2020-02-08,2020,2,8,6,202006
2020-02-09,2020,2,9,6,202006
2020-02-10,2020,2,10,7,202007
2020-02-11,2020,2,11,7,202007
2020-02-12,2020,2,12,7,202007
2020-02-13,2020,2,13,7,202007
2020-02-14,2020,2,14,7,202007
2020-02-15,2020,2,15,7,202007
2020-02-16,2020,2,16,7,202007
2020-02-17,2020,2,17,8,202008
2020-02-18,2020,2,18,8,202008
2020-02-19,2020,2,19,8,202008
2020-02-20,2020,2,20,8,202008
2020-02-21,2020,2,21,8,202008
2020-02-22,2020,2,22,8,202008
2020-02-23,2020,2,23,8,202008
2020-02-24,2020,2,24,9,202009
2020-02-25,2020,2,25,9,202009
2020-02-26,2020,2,26,9,202009
2020-02-27,2020,2,27,9,202009
2020-02-28,2020,2,28,9,202009
2020-02-29,2020,2,29,9,202009
2020-03-01,2020,3,1,9,202009
2020-03-02,2020,3,2,10,202010
2020-03-03,2020,3,3,10,202010
2020-03-04,2020,3,4,10,202010
2020-03-05,2020,3,5,10,202010
2020-03-06,2020,3,6,10,202010
2020-03-07,2020,3,7,10,202010
2020-03-08,2020,3,8,10,202010
2020-03-09,2020,3,9,11,202011
2020-03-10,2020,3,10,11,202011
2020-03-11,2020,3,11,11,202011
2020-03-12,2020,3,12,11,202011
2020-03-13,2020,3,13,11,202011
2020-03-14,2020,3,14,11,202011
2020-03-15,2020,3,15,11,202011
2020-03-16,2020,3,16,12,202012
2020-03-17,2020,3,17,12,202012
2020-03-18,2020,3,18,12,202012
2020-03-19,2020,3,19,12,202012
2020-03-20,2020,3,20,12,202012
2020-03-21,2020,3,21,12,202012
2020-03-22,2020,3,22,12,202012
2020-03-23,2020,3,23,13,202013
2020-03-24,2020,3,24,13,202013
2020-03-25,2020,3,25,13,202013
2020-03-26,2020,3,26,13,202013
2020-03-27,2020,3,27,13,202013
2020-03-28,2020,3,28,13,202013
2020-03-29,2020,3,29,13,202013
2020-03-30,2020,3,30,14,202014
2020-03-31,2020,3,31,14,202014
2020-04-01,2020,4,1,14,202014
2020-04-02,2020,4,2,14,202014
2020-04-03,2020,4,3,14,202014
2020-04-04,2020,4,4,14,202014
2020-04-05,2020,4,5,14,202014
2020-04-06,2020,4,6,15,202015
2020-04-07,2020,4,7,15,202015
2020-04-08,2020,4,8,15,202015
2020-04-09,2020,4,9,15,202015
2020-04-10,2020,4,10,15,202015
2020-04-11,2020,4,11,15,202015
2020-04-12,2020,4,12,15,202015
2020-04-13,2020,4,13,16,202016
2020-04-14,2020,4,14,16,202016
2020-04-15,2020,4,15,16,202016
2020-04-16,2020,4,16,16,202016
2020-04-17,2020,4,17,16,202016
2020-04-18,2020,4,18,16,202016
2020-04-19,2020,4,19,16,202016
2020-04-20,2020,4,20,17,202017
2020-04-21,2020,4,21,17,202017
2020-04-22,2020,4,22,17,202017
2020-04-23,2020,4,23,17,202017
2020-04-24,2020,4,24,17,202017
2020-04-25,2020,4,25,17,202017
2020-04-26,2020,4,26,17,202017
2020-04-27,2020,4,27,18,202018
2020-04-28,2020,4,28,18,202018
2020-04-29,2020,4,29,18,202018
2020-04-30,2020,4,30,18,202018
2020-05-01,2020,5,1,18,202018
2020-05-02,2020,5,2,18,202018
2020-05-03,2020,5,3,18,202018
2020-05-04,2020,5,4,19,202019
2020-05-05,2020,5,5,19,202019
2020-05-06,2020,5,6,19,202019
2020-05-07,2020,5,7,19,202019
2020-05-08,2020,5,8,19,202019
2020-05-09,2020,5,9,19,202019
2020-05-10,2020,5,10,19,202019
2020-05-11,2020,5,11,20,202020
2020-05-12,2020,5,12,20,202020
2020-05-13,2020,5,13,20,202020
2020-05-14,2020,5,14,20,202020
2020-05-15,2020,5,15,20,202020
2020-05-16,2020,5,16,20,202020
2020-05-17,2020,5,17,20,202020
2020-05-18,2020,5,18,21,202021
2020-05-19,2020,5,19,21,202021
2020-05-20,2020,5,20,21,202021
2020-05-21,2020,5,21,21,202021
2020-05-22,2020,5,22,21,202021
2020-05-23,2020,5,23,21,202021
2020-05-24,2020,5,24,21,202021
2020-05-25,2020,5,25,22,202022
2020-05-26,2020,5,26,22,202022
2020-05-27,2020,5,27,22,202022
2020-05-28,2020,5,28,22,202022
2020-05-29,2020,5,29,22,202022
2020-05-30,2020,5,30,22,202022
2020-05-31,2020,5,31,22,202022
2020-06-01,2020,6,1,23,202023
2020-06-02,2020,6,2,23,202023
2020-06-03,2020,6,3,23,202023
2020-06-04,2020,6,4,23,202023
2020-06-05,2020,6,5,23,202023
2020-06-06,2020,6,6,23,202023
2020-06-07,2020,6,7,23,202023
2020-06-08,2020,6,8,24,202024
2020-06-09,2020,6,9,24,202024
2020-06-10,2020,6,10,24,202024
2020-06-11,2020,6,11,24,202024
2020-06-12,2020,6,12,24,202024
2020-06-13,2020,6,13,24,202024
2020-06-14,2020,6,14,24,202024
2020-06-15,2020,6,15,25,202025
2020-06-16,2020,6,16,25,202025
2020-06-17,2020,6,17,25,202025
2020-06-18,2020,6,18,25,202025
2020-06-19,2020,6,19,25,202025
2020-06-20,2020,6,20,25,202025
2020-06-21,2020,6,21,25,202025
2020-06-22,2020,6,22,26,202026
2020-06-23,2020,6,23,26,202026
2020-06-24,2020,6,24,26,202026
2020-06-25,2020,6,25,26,202026
2020-06-26,2020,6,26,26,202026
2020-06-27,2020,6,27,26,202026
2020-06-28,2020,6,28,26,202026
2020-06-29,2020,6,29,27,202027
2020-06-30,2020,6,30,27,202027
2020-07-01,2020,7,1,27,202027
2020-07-02,2020,7,2,27,202027
2020-07-03,2020,7,3,27,202027
2020-07-04,2020,7,4,27,202027
2020-07-05,2020,7,5,27,202027
2020-07-06,2020,7,6,28,202028
2020-07-07,2020,7,7,28,202028
2020-07-08,2020,7,8,28,202028
2020-07-09,2020,7,9,28,202028
2020-07-10,2020,7,10,28,202028
2020-07-11,2020,7,11,28,202028
2020-07-12,2020,7,12,28,202028
2020-07-13,2020,7,13,29,202029
2020-07-14,2020,7,14,29,202029
2020-07-15,2020,7,15,29,202029
2020-07-16,2020,7,16,29,202029
2020-07-17,2020,7,17,29,202029
2020-07-18,2020,7,18,29,202029
2020-07-19,2020,7,19,29,202029
2020-07-20,2020,7,20,30,202030
2020-07-21,2020,7,21,30,202030
2020-07-22,2020,7,22,30,202030
2020-07-23,2020,7,23,30,202030
2020-07-24,2020,7,24,30,202030
2020-07-25,2020,7,25,30,202030
2020-07-26,2020,7,26,30,202030
2020-07-27,2020,7,27,31,202031
2020-07-28,2020,7,28,31,202031
2020-07-29,2020,7,29,31,202031
2020-07-30,2020,7,30,31,202031
2020-07-31,2020,7,31,31,202031
2020-08-01,2020,8,1,31,202031
2020-08-02,2020,8,2,31,202031
2020-08-03,2020,8,3,32,202032
2020-08-04,2020,8,4,32,202032
2020-08-05,2020,8,5,32,202032
2020-08-06,2020,8,6,32,202032
2020-08-07,2020,8,7,32,202032
2020-08-08,2020,8,8,32,202032
2020-08-09,2020,8,9,32,202032
2020-08-10,2020,8,10,33,202033
2020-08-11,2020,8,11,33,202033
2020-08-12,2020,8,12,33,202033
2020-08-13,2020,8,13,33,202033
2020-08-14,2020,8,14,33,202033
2020-08-15,2020,8,15,33,202033
2020-08-16,2020,8,16,33,202033
2020-08-17,2020,8,17,34,202034
2020-08-18,2020,8,18,34,202034
2020-08-19,2020,8,19,34,202034
2020-08-20,2020,8,20,34,202034
2020-08-21,2020,8,21,34,202034
2020-08-22,2020,8,22,34,202034
2020-08-23,2020,8,23,34,202034
2020-08-24,2020,8,24,35,202035
2020-08-25,2020,8,25,35,202035
2020-08-26,2020,8,26,35,202035
2020-08-27,2020,8,27,35,202035
2020-08-28,2020,8,28,35,202035
2020-08-29,2020,8,29,35,202035
2020-08-30,2020,8,30,35,202035
2020-08-31,2020,8,31,36,202036
2020-09-01,2020,9,1,36,202036
2020-09-02,2020,9,2,36,202036
2020-09-03,2020,9,3,36,202036
2020-09-04,2020,9,4,36,202036
2020-09-05,2020,9,5,36,202036
2020-09-06,2020,9,6,36,202036
2020-09-07,2020,9,7,37,202037
2020-09-08,2020,9,8,37,202037
2020-09-09,2020,9,9,37,202037
2020-09-10,2020,9,10,37,202037
2020-09-11,2020,9,11,37,202037
2020-09-12,2020,9,12,37,202037
2020-09-13,2020,9,13,37,202037
2020-09-14,2020,9,14,38,202038
2020-09-15,2020,9,15,38,202038
2020-09-16,2020,9,16,38,202038
2020-09-17,2020,9,17,38,202038
2020-09-18,2020,9,18,38,202038
2020-09-19,2020,9,19,38,202038
2020-09-20,2020,9,20,38,202038
2020-09-21,2020,9,21,39,202039
2020-09-22,2020,9,22,39,202039
2020-09-23,2020,9,23,39,202039
2020-09-24,2020,9,24,39,202039
2020-09-25,2020,9,25,39,202039
2020-09-26,2020,9,26,39,202039
2020-09-27,2020,9,27,39,202039
2020-09-28,2020,9,28,40,202040
2020-09-29,2020,9,29,40,202040
2020-09-30,2020,9,30,40,202040
2020-10-01,2020,10,1,40,202040
2020-10-02,2020,10,2,40,202040
2020-10-03,2020,10,3,40,202040
2020-10-04,2020,10,4,40,202040
2020-10-05,2020,10,5,41,202041
2020-10-06,2020,10,6,41,202041
2020-10-07,2020,10,7,41,202041
2020-10-08,2020,10,8,41,202041
2020-10-09,2020,10,9,41,202041
2020-10-10,2020,10,10,41,202041
2020-10-11,2020,10,11,41,202041
2020-10-12,2020,10,12,42,202042
2020-10-13,2020,10,13,42,202042
2020-10-14,2020,10,14,42,202042
2020-10-15,2020,10,15,42,202042
2020-10-16,2020,10,16,42,202042
2020-10-17,2020,10,17,42,202042
2020-10-18,2020,10,18,42,202042
2020-10-19,2020,10,19,43,202043
2020-10-20,2020,10,20,43,202043
2020-10-21,2020,10,21,43,202043
2020-10-22,2020,10,22,43,202043
2020-10-23,2020,10,23,43,202043
2020-10-24,2020,10,24,43,202043
2020-10-25,2020,10,25,43,202043
2020-10-26,2020,10,26,44,202044
2020-10-27,2020,10,27,44,202044
2020-10-28,2020,10,28,44,202044
2020-10-29,2020,10,29,44,202044
2020-10-30,2020,10,30,44,202044
2020-10-31,2020,10,31,44,202044
2020-11-01,2020,11,1,44,202044
2020-11-02,2020,11,2,45,202045
2020-11-03,2020,11,3,45,202045
2020-11-04,2020,11,4,45,202045
2020-11-05,2020,11,5,45,202045
2020-11-06,2020,11,6,45,202045
2020-11-07,2020,11,7,45,202045
2020-11-08,2020,11,8,45,202045
2020-11-09,2020,11,9,46,202046
2020-11-10,2020,11,10,46,202046
2020-11-11,2020,11,11,46,202046
2020-11-12,2020,11,12,46,202046
2020-11-13,2020,11,13,46,202046
2020-11-14,2020,11,14,46,202046
2020-11-15,2020,11,15,46,202046
2020-11-16,2020,11,16,47,202047
2020-11-17,2020,11,17,47,202047
2020-11-18,2020,11,18,47,202047
2020-11-19,2020,11,19,47,202047
2020-11-20,2020,11,20,47,202047
2020-11-21,2020,11,21,47,202047
2020-11-22,2020,11,22,47,202047
2020-11-23,2020,11,23,48,202048
2020-11-24,2020,11,24,48,202048
2020-11-25,2020,11,25,48,202048
2020-11-26,2020,11,26,48,202048
2020-11-27,2020,11,27,48,202048
2020-11-28,2020,11,28,48,202048
2020-11-29,2020,11,29,48,202048
2020-11-30,2020,11,30,49,202049
2020-12-01,2020,12,1,49,202049
2020-12-02,2020,12,2,49,202049
2020-12-03,2020,12,3,49,202049
2020-12-04,2020,12,4,49,202049
2020-12-05,2020,12,5,49,202049
2020-12-06,2020,12,6,49,202049
2020-12-07,2020,12,7,50,202050
2020-12-08,2020,12,8,50,202050
2020-12-09,2020,12,9,50,202050
2020-12-10,2020,12,10,50,202050
2020-12-11,2020,12,11,50,202050
2020-12-12,2020,12,12,50,202050
2020-12-13,2020,12,13,50,202050
2020-12-14,2020,12,14,51,202051
2020-12-15,2020,12,15,51,202051
2020-12-16,2020,12,16,51,202051
2020-12-17,2020,12,17,51,202051
2020-12-18,2020,12,18,51,202051
2020-12-19,2020,12,19,51,202051
2020-12-20,2020,12,20,51,202051
2020-12-21,2020,12,21,52,202052
2020-12-22,2020,12,22,52,202052
2020-12-23,2020,12,23,52,202052
2020-12-24,2020,12,24,52,202052
2020-12-25,2020,12,25,52,202052
2020-12-26,2020,12,26,52,202052
2020-12-27,2020,12,27,52,202052
2020-12-28,2020,12,28,53,202053
2020-12-29,2020,12,29,53,202053
2020-12-30,2020,12,30,53,202053
2020-12-31,2020,12,31,53,202053
2021-01-01,2021,1,1,53,202153
2021-01-02,2021,1,2,53,202153
2021-01-03,2021,1,3,53,202153
2021-01-04,2021,1,4,1,202101
2021-01-05,2021,1,5,1,202101
2021-01-06,2021,1,6,1,202101
2021-01-07,2021,1,7,1,202101
2021-01-08,2021,1,8,1,202101
2021-01-09,2021,1,9,1,202101
2021-01-10,2021,1,10,1,202101
2021-01-11,2021,1,11,2,202102
2021-01-12,2021,1,12,2,202102
2021-01-13,2021,1,13,2,202102
2021-01-14,2021,1,14,2,202102
2021-01-15,2021,1,15,2,202102
2021-01-16,2021,1,16,2,202102
2021-01-17,2021,1,17,2,202102
2021-01-18,2021,1,18,3,202103
2021-01-19,2021,1,19,3,202103
2021-01-20,2021,1,20,3,202103
2021-01-21,2021,1,21,3,202103
2021-01-22,2021,1,22,3,202103
2021-01-23,2021,1,23,3,202103
2021-01-24,2021,1,24,3,202103
2021-01-25,2021,1,25,4,202104
2021-01-26,2021,1,26,4,202104
2021-01-27,2021,1,27,4,202104
2021-01-28,2021,1,28,4,202104
2021-01-29,2021,1,29,4,202104
2021-01-30,2021,1,30,4,202104
2021-01-31,2021,1,31,4,202104
2021-02-01,2021,2,1,5,202105
2021-02-02,2021,2,2,5,202105
2021-02-03,2021,2,3,5,202105
2021-02-04,2021,2,4,5,202105
2021-02-05,2021,2,5,5,202105
2021-02-06,2021,2,6,5,202105
2021-02-07,2021,2,7,5,202105
2021-02-08,2021,2,8,6,202106
2021-02-09,2021,2,9,6,202106
2021-02-10,2021,2,10,6,202106
2021-02-11,2021,2,11,6,202106
2021-02-12,2021,2,12,6,202106
2021-02-13,2021,2,13,6,202106
2021-02-14,2021,2,14,6,202106
2021-02-15,2021,2,15,7,202107
2021-02-16,2021,2,16,7,202107
2021-02-17,2021,2,17,7,202107
2021-02-18,2021,2,18,7,202107
2021-02-19,2021,2,19,7,202107
2021-02-20,2021,2,20,7,202107
2021-02-21,2021,2,21,7,202107
2021-02-22,2021,2,22,8,202108
2021-02-23,2021,2,23,8,202108
2021-02-24,2021,2,24,8,202108
2021-02-25,2021,2,25,8,202108
2021-02-26,2021,2,26,8,202108
2021-02-27,2021,2,27,8,202108
2021-02-28,2021,2,28,8,202108
2021-03-01,2021,3,1,9,202109
2021-03-02,2021,3,2,9,202109
2021-03-03,2021,3,3,9,202109
2021-03-04,2021,3,4,9,202109
2021-03-05,2021,3,5,9,202109
2021-03-06,2021,3,6,9,202109
2021-03-07,2021,3,7,9,202109
2021-03-08,2021,3,8,10,202110
2021-03-09,2021,3,9,10,202110
2021-03-10,2021,3,10,10,202110
2021-03-11,2021,3,11,10,202110
2021-03-12,2021,3,12,10,202110
2021-03-13,2021,3,13,10,202110
2021-03-14,2021,3,14,10,202110
2021-03-15,2021,3,15,11,202111
2021-03-16,2021,3,16,11,202111
2021-03-17,2021,3,17,11,202111
2021-03-18,2021,3,18,11,202111
2021-03-19,2021,3,19,11,202111
2021-03-20,2021,3,20,11,202111
2021-03-21,2021,3,21,11,202111
2021-03-22,2021,3,22,12,202112
2021-03-23,2021,3,23,12,202112
2021-03-24,2021,3,24,12,202112
2021-03-25,2021,3,25,12,202112
2021-03-26,2021,3,26,12,202112
2021-03-27,2021,3,27,12,202112
2021-03-28,2021,3,28,12,202112
2021-03-29,2021,3,29,13,202113
2021-03-30,2021,3,30,13,202113
2021-03-31,2021,3,31,13,202113
2021-04-01,2021,4,1,13,202113
2021-04-02,2021,4,2,13,202113
2021-04-03,2021,4,3,13,202113
2021-04-04,2021,4,4,13,202113
2021-04-05,2021,4,5,14,202114
2021-04-06,2021,4,6,14,202114
2021-04-07,2021,4,7,14,202114
2021-04-08,2021,4,8,14,202114
2021-04-09,2021,4,9,14,202114
2021-04-10,2021,4,10,14,202114
2021-04-11,2021,4,11,14,202114
2021-04-12,2021,4,12,15,202115
2021-04-13,2021,4,13,15,202115
2021-04-14,2021,4,14,15,202115
2021-04-15,2021,4,15,15,202115
2021-04-16,2021,4,16,15,202115
2021-04-17,2021,4,17,15,202115
2021-04-18,2021,4,18,15,202115
2021-04-19,2021,4,19,16,202116
2021-04-20,2021,4,20,16,202116
2021-04-21,2021,4,21,16,202116
2021-04-22,2021,4,22,16,202116
2021-04-23,2021,4,23,16,202116
2021-04-24,2021,4,24,16,202116
2021-04-25,2021,4,25,16,202116
2021-04-26,2021,4,26,17,202117
2021-04-27,2021,4,27,17,202117
2021-04-28,2021,4,28,17,202117
2021-04-29,2021,4,29,17,202117
2021-04-30,2021,4,30,17,202117
2021-05-01,2021,5,1,17,202117
2021-05-02,2021,5,2,17,202117
2021-05-03,2021,5,3,18,202118
2021-05-04,2021,5,4,18,202118
2021-05-05,2021,5,5,18,202118
2021-05-06,2021,5,6,18,202118
2021-05-07,2021,5,7,18,202118
2021-05-08,2021,5,8,18,202118
2021-05-09,2021,5,9,18,202118
2021-05-10,2021,5,10,19,202119
2021-05-11,2021,5,11,19,202119
2021-05-12,2021,5,12,19,202119
2021-05-13,2021,5,13,19,202119
2021-05-14,2021,5,14,19,202119
2021-05-15,2021,5,15,19,202119
2021-05-16,2021,5,16,19,202119
2021-05-17,2021,5,17,20,202120
2021-05-18,2021,5,18,20,202120
2021-05-19,2021,5,19,20,202120
2021-05-20,2021,5,20,20,202120
2021-05-21,2021,5,21,20,202120
2021-05-22,2021,5,22,20,202120
2021-05-23,2021,5,23,20,202120
2021-05-24,2021,5,24,21,202121
2021-05-25,2021,5,25,21,202121
2021-05-26,2021,5,26,21,202121
2021-05-27,2021,5,27,21,202121
2021-05-28,2021,5,28,21,202121
2021-05-29,2021,5,29,21,202121
2021-05-30,2021,5,30,21,202121
2021-05-31,2021,5,31,22,202122
2021-06-01,2021,6,1,22,202122
2021-06-02,2021,6,2,22,202122
2021-06-03,2021,6,3,22,202122
2021-06-04,2021,6,4,22,202122
2021-06-05,2021,6,5,22,202122
2021-06-06,2021,6,6,22,202122
2021-06-07,2021,6,7,23,202123
2021-06-08,2021,6,8,23,202123
2021-06-09,2021,6,9,23,202123
2021-06-10,2021,6,10,23,202123
2021-06-11,2021,6,11,23,202123
2021-06-12,2021,6,12,23,202123
2021-06-13,2021,6,13,23,202123
2021-06-14,2021,6,14,24,202124
2021-06-15,2021,6,15,24,202124
2021-06-16,2021,6,16,24,202124
2021-06-17,2021,6,17,24,202124
2021-06-18,2021,6,18,24,202124
2021-06-19,2021,6,19,24,202124
2021-06-20,2021,6,20,24,202124
2021-06-21,2021,6,21,25,202125
2021-06-22,2021,6,22,25,202125
2021-06-23,2021,6,23,25,202125
2021-06-24,2021,6,24,25,202125
2021-06-25,2021,6,25,25,202125
2021-06-26,2021,6,26,25,202125
2021-06-27,2021,6,27,25,202125
2021-06-28,2021,6,28,26,202126
2021-06-29,2021,6,29,26,202126
2021-06-30,2021,6,30,26,202126
2021-07-01,2021,7,1,26,202126
2021-07-02,2021,7,2,26,202126
2021-07-03,2021,7,3,26,202126
2021-07-04,2021,7,4,26,202126
2021-07-05,2021,7,5,27,202127
2021-07-06,2021,7,6,27,202127
2021-07-07,2021,7,7,27,202127
2021-07-08,2021,7,8,27,202127
2021-07-09,2021,7,9,27,202127
2021-07-10,2021,7,10,27,202127
2021-07-11,2021,7,11,27,202127
2021-07-12,2021,7,12,28,202128
2021-07-13,2021,7,13,28,202128
2021-07-14,2021,7,14,28,202128
2021-07-15,2021,7,15,28,202128
2021-07-16,2021,7,16,28,202128
2021-07-17,2021,7,17,28,202128
2021-07-18,2021,7,18,28,202128
2021-07-19,2021,7,19,29,202129
2021-07-20,2021,7,20,29,202129
2021-07-21,2021,7,21,29,202129
2021-07-22,2021,7,22,29,202129
2021-07-23,2021,7,23,29,202129
2021-07-24,2021,7,24,29,202129
2021-07-25,2021,7,25,29,202129
2021-07-26,2021,7,26,30,202130
2021-07-27,2021,7,27,30,202130
2021-07-28,2021,7,28,30,202130
2021-07-29,2021,7,29,30,202130
2021-07-30,2021,7,30,30,202130
2021-07-31,2021,7,31,30,202130
2021-08-01,2021,8,1,30,202130
2021-08-02,2021,8,2,31,202131
2021-08-03,2021,8,3,31,202131
2021-08-04,2021,8,4,31,202131
2021-08-05,2021,8,5,31,202131
2021-08-06,2021,8,6,31,202131
2021-08-07,2021,8,7,31,202131
2021-08-08,2021,8,8,31,202131
2021-08-09,2021,8,9,32,202132
2021-08-10,2021,8,10,32,202132
2021-08-11,2021,8,11,32,202132
2021-08-12,2021,8,12,32,202132
2021-08-13,2021,8,13,32,202132
2021-08-14,2021,8,14,32,202132
2021-08-15,2021,8,15,32,202132
2021-08-16,2021,8,16,33,202133
2021-08-17,2021,8,17,33,202133
2021-08-18,2021,8,18,33,202133
2021-08-19,2021,8,19,33,202133
2021-08-20,2021,8,20,33,202133
2021-08-21,2021,8,21,33,202133
2021-08-22,2021,8,22,33,202133
2021-08-23,2021,8,23,34,202134
2021-08-24,2021,8,24,34,202134
2021-08-25,2021,8,25,34,202134
2021-08-26,2021,8,26,34,202134
2021-08-27,2021,8,27,34,202134
2021-08-28,2021,8,28,34,202134
2021-08-29,2021,8,29,34,202134
2021-08-30,2021,8,30,35,202135
2021-08-31,2021,8,31,35,202135
2021-09-01,2021,9,1,35,202135
2021-09-02,2021,9,2,35,202135
2021-09-03,2021,9,3,35,202135
2021-09-04,2021,9,4,35,202135
2021-09-05,2021,9,5,35,202135
2021-09-06,2021,9,6,36,202136
2021-09-07,2021,9,7,36,202136
2021-09-08,2021,9,8,36,202136
2021-09-09,2021,9,9,36,202136
2021-09-10,2021,9,10,36,202136
2021-09-11,2021,9,11,36,202136
2021-09-12,2021,9,12,36,202136
2021-09-13,2021,9,13,37,202137
2021-09-14,2021,9,14,37,202137
2021-09-15,2021,9,15,37,202137
2021-09-16,2021,9,16,37,202137
2021-09-17,2021,9,17,37,202137
2021-09-18,2021,9,18,37,202137
2021-09-19,2021,9,19,37,202137
2021-09-20,2021,9,20,38,202138
2021-09-21,2021,9,21,38,202138
2021-09-22,2021,9,22,38,202138
2021-09-23,2021,9,23,38,202138
2021-09-24,2021,9,24,38,202138
2021-09-25,2021,9,25,38,202138
2021-09-26,2021,9,26,38,202138
2021-09-27,2021,9,27,39,202139
2021-09-28,2021,9,28,39,202139
2021-09-29,2021,9,29,39,202139
2021-09-30,2021,9,30,39,202139
2021-10-01,2021,10,1,39,202139
2021-10-02,2021,10,2,39,202139
2021-10-03,2021,10,3,39,202139
2021-10-04,2021,10,4,40,202140
2021-10-05,2021,10,5,40,202140
2021-10-06,2021,10,6,40,202140
2021-10-07,2021,10,7,40,202140
2021-10-08,2021,10,8,40,202140
2021-10-09,2021,10,9,40,202140
2021-10-10,2021,10,10,40,202140
2021-10-11,2021,10,11,41,202141
2021-10-12,2021,10,12,41,202141
2021-10-13,2021,10,13,41,202141
2021-10-14,2021,10,14,41,202141
2021-10-15,2021,10,15,41,202141
2021-10-16,2021,10,16,41,202141
2021-10-17,2021,10,17,41,202141
2021-10-18,2021,10,18,42,202142
2021-10-19,2021,10,19,42,202142
2021-10-20,2021,10,20,42,202142
2021-10-21,2021,10,21,42,202142
2021-10-22,2021,10,22,42,202142
2021-10-23,2021,10,23,42,202142
2021-10-24,2021,10,24,42,202142
2021-10-25,2021,10,25,43,202143
2021-10-26,2021,10,26,43,202143
2021-10-27,2021,10,27,43,202143
2021-10-28,2021,10,28,43,202143
2021-10-29,2021,10,29,43,202143
2021-10-30,2021,10,30,43,202143
2021-10-31,2021,10,31,43,202143
2021-11-01,2021,11,1,44,202144
2021-11-02,2021,11,2,44,202144
2021-11-03,2021,11,3,44,202144
2021-11-04,2021,11,4,44,202144
2021-11-05,2021,11,5,44,202144
2021-11-06,2021,11,6,44,202144
2021-11-07,2021,11,7,44,202144
2021-11-08,2021,11,8,45,202145
2021-11-09,2021,11,9,45,202145
2021-11-10,2021,11,10,45,202145
2021-11-11,2021,11,11,45,202145
2021-11-12,2021,11,12,45,202145
2021-11-13,2021,11,13,45,202145
2021-11-14,2021,11,14,45,202145
2021-11-15,2021,11,15,46,202146
2021-11-16,2021,11,16,46,202146
2021-11-17,2021,11,17,46,202146
2021-11-18,2021,11,18,46,202146
2021-11-19,2021,11,19,46,202146
2021-11-20,2021,11,20,46,202146
2021-11-21,2021,11,21,46,202146
2021-11-22,2021,11,22,47,202147
2021-11-23,2021,11,23,47,202147
2021-11-24,2021,11,24,47,202147
2021-11-25,2021,11,25,47,202147
2021-11-26,2021,11,26,47,202147
2021-11-27,2021,11,27,47,202147
2021-11-28,2021,11,28,47,202147
2021-11-29,2021,11,29,48,202148
2021-11-30,2021,11,30,48,202148
2021-12-01,2021,12,1,48,202148
2021-12-02,2021,12,2,48,202148
2021-12-03,2021,12,3,48,202148
2021-12-04,2021,12,4,48,202148
2021-12-05,2021,12,5,48,202148
2021-12-06,2021,12,6,49,202149
2021-12-07,2021,12,7,49,202149
2021-12-08,2021,12,8,49,202149
2021-12-09,2021,12,9,49,202149
2021-12-10,2021,12,10,49,202149
2021-12-11,2021,12,11,49,202149
2021-12-12,2021,12,12,49,202149
2021-12-13,2021,12,13,50,202150
2021-12-14,2021,12,14,50,202150
2021-12-15,2021,12,15,50,202150
2021-12-16,2021,12,16,50,202150
2021-12-17,2021,12,17,50,202150
2021-12-18,2021,12,18,50,202150
2021-12-19,2021,12,19,50,202150
2021-12-20,2021,12,20,51,202151
2021-12-21,2021,12,21,51,202151
2021-12-22,2021,12,22,51,202151
2021-12-23,2021,12,23,51,202151
2021-12-24,2021,12,24,51,202151
2021-12-25,2021,12,25,51,202151
2021-12-26,2021,12,26,51,202151
2021-12-27,2021,12,27,52,202152
2021-12-28,2021,12,28,52,202152
2021-12-29,2021,12,29,52,202152
2021-12-30,2021,12,30,52,202152
2021-12-31,2021,12,31,52,202152
2022-01-01,2022,1,1,52,202252
2022-01-02,2022,1,2,52,202252
2022-01-03,2022,1,3,1,202201
2022-01-04,2022,1,4,1,202201
2022-01-05,2022,1,5,1,202201
2022-01-06,2022,1,6,1,202201
2022-01-07,2022,1,7,1,202201
2022-01-08,2022,1,8,1,202201
2022-01-09,2022,1,9,1,202201
2022-01-10,2022,1,10,2,202202
2022-01-11,2022,1,11,2,202202
2022-01-12,2022,1,12,2,202202
2022-01-13,2022,1,13,2,202202
2022-01-14,2022,1,14,2,202202
2022-01-15,2022,1,15,2,202202
2022-01-16,2022,1,16,2,202202
2022-01-17,2022,1,17,3,202203
2022-01-18,2022,1,18,3,202203
2022-01-19,2022,1,19,3,202203
2022-01-20,2022,1,20,3,202203
2022-01-21,2022,1,21,3,202203
2022-01-22,2022,1,22,3,202203
2022-01-23,2022,1,23,3,202203
2022-01-24,2022,1,24,4,202204
2022-01-25,2022,1,25,4,202204
2022-01-26,2022,1,26,4,202204
2022-01-27,2022,1,27,4,202204
2022-01-28,2022,1,28,4,202204
2022-01-29,2022,1,29,4,202204
2022-01-30,2022,1,30,4,202204
2022-01-31,2022,1,31,5,202205
2022-02-01,2022,2,1,5,202205
2022-02-02,2022,2,2,5,202205
2022-02-03,2022,2,3,5,202205
2022-02-04,2022,2,4,5,202205
2022-02-05,2022,2,5,5,202205
2022-02-06,2022,2,6,5,202205
2022-02-07,2022,2,7,6,202206
2022-02-08,2022,2,8,6,202206
2022-02-09,2022,2,9,6,202206
2022-02-10,2022,2,10,6,202206
2022-02-11,2022,2,11,6,202206
2022-02-12,2022,2,12,6,202206
2022-02-13,2022,2,13,6,202206
2022-02-14,2022,2,14,7,202207
2022-02-15,2022,2,15,7,202207
2022-02-16,2022,2,16,7,202207
2022-02-17,2022,2,17,7,202207
2022-02-18,2022,2,18,7,202207
2022-02-19,2022,2,19,7,202207
2022-02-20,2022,2,20,7,202207
2022-02-21,2022,2,21,8,202208
2022-02-22,2022,2,22,8,202208
2022-02-23,2022,2,23,8,202208
2022-02-24,2022,2,24,8,202208
2022-02-25,2022,2,25,8,202208
2022-02-26,2022,2,26,8,202208
2022-02-27,2022,2,27,8,202208
2022-02-28,2022,2,28,9,202209
2022-03-01,2022,3,1,9,202209
2022-03-02,2022,3,2,9,202209
2022-03-03,2022,3,3,9,202209
2022-03-04,2022,3,4,9,202209
2022-03-05,2022,3,5,9,202209
2022-03-06,2022,3,6,9,202209
2022-03-07,2022,3,7,10,202210
2022-03-08,2022,3,8,10,202210
2022-03-09,2022,3,9,10,202210
2022-03-10,2022,3,10,10,202210
2022-03-11,2022,3,11,10,202210
2022-03-12,2022,3,12,10,202210
2022-03-13,2022,3,13,10,202210
2022-03-14,2022,3,14,11,202211
2022-03-15,2022,3,15,11,202211
2022-03-16,2022,3,16,11,202211
2022-03-17,2022,3,17,11,202211
2022-03-18,2022,3,18,11,202211
2022-03-19,2022,3,19,11,202211
2022-03-20,2022,3,20,11,202211
2022-03-21,2022,3,21,12,202212
2022-03-22,2022,3,22,12,202212
2022-03-23,2022,3,23,12,202212
2022-03-24,2022,3,24,12,202212
2022-03-25,2022,3,25,12,202212
2022-03-26,2022,3,26,12,202212
2022-03-27,2022,3,27,12,202212
2022-03-28,2022,3,28,13,202213
2022-03-29,2022,3,29,13,202213
2022-03-30,2022,3,30,13,202213
2022-03-31,2022,3,31,13,202213
2022-04-01,2022,4,1,13,202213
2022-04-02,2022,4,2,13,202213
2022-04-03,2022,4,3,13,202213
2022-04-04,2022,4,4,14,202214
2022-04-05,2022,4,5,14,202214
2022-04-06,2022,4,6,14,202214
2022-04-07,2022,4,7,14,202214
2022-04-08,2022,4,8,14,202214
2022-04-09,2022,4,9,14,202214
2022-04-10,2022,4,10,14,202214
2022-04-11,2022,4,11,15,202215
2022-04-12,2022,4,12,15,202215
2022-04-13,2022,4,13,15,202215
2022-04-14,2022,4,14,15,202215
2022-04-15,2022,4,15,15,202215
2022-04-16,2022,4,16,15,202215
2022-04-17,2022,4,17,15,202215
2022-04-18,2022,4,18,16,202216
2022-04-19,2022,4,19,16,202216
2022-04-20,2022,4,20,16,202216
2022-04-21,2022,4,21,16,202216
2022-04-22,2022,4,22,16,202216
2022-04-23,2022,4,23,16,202216
2022-04-24,2022,4,24,16,202216
2022-04-25,2022,4,25,17,202217
2022-04-26,2022,4,26,17,202217
2022-04-27,2022,4,27,17,202217
2022-04-28,2022,4,28,17,202217
2022-04-29,2022,4,29,17,202217
2022-04-30,2022,4,30,17,202217
2022-05-01,2022,5,1,17,202217
2022-05-02,2022,5,2,18,202218
2022-05-03,2022,5,3,18,202218
2022-05-04,2022,5,4,18,202218
2022-05-05,2022,5,5,18,202218
2022-05-06,2022,5,6,18,202218
2022-05-07,2022,5,7,18,202218
2022-05-08,2022,5,8,18,202218
2022-05-09,2022,5,9,19,202219
2022-05-10,2022,5,10,19,202219
2022-05-11,2022,5,11,19,202219
2022-05-12,2022,5,12,19,202219
2022-05-13,2022,5,13,19,202219
2022-05-14,2022,5,14,19,202219
2022-05-15,2022,5,15,19,202219
2022-05-16,2022,5,16,20,202220
2022-05-17,2022,5,17,20,202220
2022-05-18,2022,5,18,20,202220
2022-05-19,2022,5,19,20,202220
2022-05-20,2022,5,20,20,202220
2022-05-21,2022,5,21,20,202220
2022-05-22,2022,5,22,20,202220
2022-05-23,2022,5,23,21,202221
2022-05-24,2022,5,24,21,202221
2022-05-25,2022,5,25,21,202221
2022-05-26,2022,5,26,21,202221
2022-05-27,2022,5,27,21,202221
2022-05-28,2022,5,28,21,202221
2022-05-29,2022,5,29,21,202221
2022-05-30,2022,5,30,22,202222
2022-05-31,2022,5,31,22,202222
2022-06-01,2022,6,1,22,202222
2022-06-02,2022,6,2,22,202222
2022-06-03,2022,6,3,22,202222
2022-06-04,2022,6,4,22,202222
2022-06-05,2022,6,5,22,202222
2022-06-06,2022,6,6,23,202223
2022-06-07,2022,6,7,23,202223
2022-06-08,2022,6,8,23,202223
2022-06-09,2022,6,9,23,202223
2022-06-10,2022,6,10,23,202223
2022-06-11,2022,6,11,23,202223
2022-06-12,2022,6,12,23,202223
2022-06-13,2022,6,13,24,202224
2022-06-14,2022,6,14,24,202224
2022-06-15,2022,6,15,24,202224
2022-06-16,2022,6,16,24,202224
2022-06-17,2022,6,17,24,202224
2022-06-18,2022,6,18,24,202224
2022-06-19,2022,6,19,24,202224
2022-06-20,2022,6,20,25,202225
2022-06-21,2022,6,21,25,202225
2022-06-22,2022,6,22,25,202225
2022-06-23,2022,6,23,25,202225
2022-06-24,2022,6,24,25,202225
2022-06-25,2022,6,25,25,202225
2022-06-26,2022,6,26,25,202225
2022-06-27,2022,6,27,26,202226
2022-06-28,2022,6,28,26,202226
2022-06-29,2022,6,29,26,202226
2022-06-30,2022,6,30,26,202226
2022-07-01,2022,7,1,26,202226
2022-07-02,2022,7,2,26,202226
2022-07-03,2022,7,3,26,202226
2022-07-04,2022,7,4,27,202227
2022-07-05,2022,7,5,27,202227
2022-07-06,2022,7,6,27,202227
2022-07-07,2022,7,7,27,202227
2022-07-08,2022,7,8,27,202227
2022-07-09,2022,7,9,27,202227
2022-07-10,2022,7,10,27,202227
2022-07-11,2022,7,11,28,202228
2022-07-12,2022,7,12,28,202228
2022-07-13,2022,7,13,28,202228
2022-07-14,2022,7,14,28,202228
2022-07-15,2022,7,15,28,202228
2022-07-16,2022,7,16,28,202228
2022-07-17,2022,7,17,28,202228
2022-07-18,2022,7,18,29,202229
2022-07-19,2022,7,19,29,202229
2022-07-20,2022,7,20,29,202229
2022-07-21,2022,7,21,29,202229
2022-07-22,2022,7,22,29,202229
2022-07-23,2022,7,23,29,202229
2022-07-24,2022,7,24,29,202229
2022-07-25,2022,7,25,30,202230
2022-07-26,2022,7,26,30,202230
2022-07-27,2022,7,27,30,202230
2022-07-28,2022,7,28,30,202230
2022-07-29,2022,7,29,30,202230
2022-07-30,2022,7,30,30,202230
2022-07-31,2022,7,31,30,202230
2022-08-01,2022,8,1,31,202231
2022-08-02,2022,8,2,31,202231
2022-08-03,2022,8,3,31,202231
2022-08-04,2022,8,4,31,202231
2022-08-05,2022,8,5,31,202231
2022-08-06,2022,8,6,31,202231
2022-08-07,2022,8,7,31,202231
2022-08-08,2022,8,8,32,202232
2022-08-09,2022,8,9,32,202232
2022-08-10,2022,8,10,32,202232
2022-08-11,2022,8,11,32,202232
2022-08-12,2022,8,12,32,202232
2022-08-13,2022,8,13,32,202232
2022-08-14,2022,8,14,32,202232
2022-08-15,2022,8,15,33,202233
2022-08-16,2022,8,16,33,202233
2022-08-17,2022,8,17,33,202233
2022-08-18,2022,8,18,33,202233
2022-08-19,2022,8,19,33,202233
2022-08-20,2022,8,20,33,202233
2022-08-21,2022,8,21,33,202233
2022-08-22,2022,8,22,34,202234
2022-08-23,2022,8,23,34,202234
2022-08-24,2022,8,24,34,202234
2022-08-25,2022,8,25,34,202234
2022-08-26,2022,8,26,34,202234
2022-08-27,2022,8,27,34,202234
2022-08-28,2022,8,28,34,202234
2022-08-29,2022,8,29,35,202235
2022-08-30,2022,8,30,35,202235
2022-08-31,2022,8,31,35,202235
2022-09-01,2022,9,1,35,202235
2022-09-02,2022,9,2,35,202235
2022-09-03,2022,9,3,35,202235
2022-09-04,2022,9,4,35,202235
2022-09-05,2022,9,5,36,202236
2022-09-06,2022,9,6,36,202236
2022-09-07,2022,9,7,36,202236
2022-09-08,2022,9,8,36,202236
2022-09-09,2022,9,9,36,202236
2022-09-10,2022,9,10,36,202236
2022-09-11,2022,9,11,36,202236
2022-09-12,2022,9,12,37,202237
2022-09-13,2022,9,13,37,202237
2022-09-14,2022,9,14,37,202237
2022-09-15,2022,9,15,37,202237
2022-09-16,2022,9,16,37,202237
2022-09-17,2022,9,17,37,202237
2022-09-18,2022,9,18,37,202237
2022-09-19,2022,9,19,38,202238
2022-09-20,2022,9,20,38,202238
2022-09-21,2022,9,21,38,202238
2022-09-22,2022,9,22,38,202238
2022-09-23,2022,9,23,38,202238
2022-09-24,2022,9,24,38,202238
2022-09-25,2022,9,25,38,202238
2022-09-26,2022,9,26,39,202239
2022-09-27,2022,9,27,39,202239
2022-09-28,2022,9,28,39,202239
2022-09-29,2022,9,29,39,202239
2022-09-30,2022,9,30,39,202239
2022-10-01,2022,10,1,39,202239
2022-10-02,2022,10,2,39,202239
2022-10-03,2022,10,3,40,202240
2022-10-04,2022,10,4,40,202240
2022-10-05,2022,10,5,40,202240
2022-10-06,2022,10,6,40,202240
2022-10-07,2022,10,7,40,202240
2022-10-08,2022,10,8,40,202240
2022-10-09,2022,10,9,40,202240
2022-10-10,2022,10,10,41,202241
2022-10-11,2022,10,11,41,202241
2022-10-12,2022,10,12,41,202241
2022-10-13,2022,10,13,41,202241
2022-10-14,2022,10,14,41,202241
2022-10-15,2022,10,15,41,202241
2022-10-16,2022,10,16,41,202241
2022-10-17,2022,10,17,42,202242
2022-10-18,2022,10,18,42,202242
2022-10-19,2022,10,19,42,202242
2022-10-20,2022,10,20,42,202242
2022-10-21,2022,10,21,42,202242
2022-10-22,2022,10,22,42,202242
2022-10-23,2022,10,23,42,202242
2022-10-24,2022,10,24,43,202243
2022-10-25,2022,10,25,43,202243
2022-10-26,2022,10,26,43,202243
2022-10-27,2022,10,27,43,202243
2022-10-28,2022,10,28,43,202243
2022-10-29,2022,10,29,43,202243
2022-10-30,2022,10,30,43,202243
2022-10-31,2022,10,31,44,202244
2022-11-01,2022,11,1,44,202244
2022-11-02,2022,11,2,44,202244
2022-11-03,2022,11,3,44,202244
2022-11-04,2022,11,4,44,202244
2022-11-05,2022,11,5,44,202244
2022-11-06,2022,11,6,44,202244
2022-11-07,2022,11,7,45,202245
2022-11-08,2022,11,8,45,202245
2022-11-09,2022,11,9,45,202245
2022-11-10,2022,11,10,45,202245
2022-11-11,2022,11,11,45,202245
2022-11-12,2022,11,12,45,202245
2022-11-13,2022,11,13,45,202245
2022-11-14,2022,11,14,46,202246
2022-11-15,2022,11,15,46,202246
2022-11-16,2022,11,16,46,202246
2022-11-17,2022,11,17,46,202246
2022-11-18,2022,11,18,46,202246
2022-11-19,2022,11,19,46,202246
2022-11-20,2022,11,20,46,202246
2022-11-21,2022,11,21,47,202247
2022-11-22,2022,11,22,47,202247
2022-11-23,2022,11,23,47,202247
2022-11-24,2022,11,24,47,202247
2022-11-25,2022,11,25,47,202247
2022-11-26,2022,11,26,47,202247
2022-11-27,2022,11,27,47,202247
2022-11-28,2022,11,28,48,202248
2022-11-29,2022,11,29,48,202248
2022-11-30,2022,11,30,48,202248
2022-12-01,2022,12,1,48,202248
2022-12-02,2022,12,2,48,202248
2022-12-03,2022,12,3,48,202248
2022-12-04,2022,12,4,48,202248
2022-12-05,2022,12,5,49,202249
2022-12-06,2022,12,6,49,202249
2022-12-07,2022,12,7,49,202249
2022-12-08,2022,12,8,49,202249
2022-12-09,2022,12,9,49,202249
2022-12-10,2022,12,10,49,202249
2022-12-11,2022,12,11,49,202249
2022-12-12,2022,12,12,50,202250
2022-12-13,2022,12,13,50,202250
2022-12-14,2022,12,14,50,202250
2022-12-15,2022,12,15,50,202250
2022-12-16,2022,12,16,50,202250
2022-12-17,2022,12,17,50,202250
2022-12-18,2022,12,18,50,202250
2022-12-19,2022,12,19,51,202251
2022-12-20,2022,12,20,51,202251
2022-12-21,2022,12,21,51,202251
2022-12-22,2022,12,22,51,202251
2022-12-23,2022,12,23,51,202251
2022-12-24,2022,12,24,51,202251
2022-12-25,2022,12,25,51,202251
2022-12-26,2022,12,26,52,202252
2022-12-27,2022,12,27,52,202252
2022-12-28,2022,12,28,52,202252
2022-12-29,2022,12,29,52,202252
2022-12-30,2022,12,30,52,202252
2022-12-31,2022,12,31,52,202252
